id;name;surname;age;adress
IB connecting;protocol azure fuchsia;Rial microchip;117;Soap Handcrafted
Rivoli drive;overriding drive;Toys Checking;26;Picardie background
Persevering;Monaco;transmit Towels;11;Soft
infrastructures ;c;Provence;38;Lettonie Mouse Franc
turn-key Rustic ;orchestrate virtual Kenya;Montmorency Up-sized connect;90;Intelligent navigate
Stagiaire;SSL;b architect transmitter;120;intermediate Chypre Home
a;a Rustic ADP;optimize;57;a Right-sized generate
core blue;Hat Pound channels;Kuna card schemas;66;Technicien Ingenieur
Gorgeous;cross-platform niches vortals;Loan neural;92;approach
Mouse management;Wooden;groupware generate;46;b firewall
