id;name;adress
initiative;Riel projection Rubber;Tunisian connect embrace
heuristic paymen;Compatible Avon revolutionize;Account Mouse b
SMTP Computer e-;Dominique;Vision-oriented productize
b;Designer;transmit b transitional
grey deposit dep;synthesizing white integrated;Aquitaine revolutionize de
Avon relationshi;Cedi leverage Plastic;Credit
connect;transmitting b;maroon Euro
c RAM;Shoes;Producteur payment
system;Account CÃ´te deposit;Liberia Buckinghamshire
silver;haptic;synergies invoice open-source
